-- PostgreSQL panel-compatible import for image-idea
-- Generated by Codex on 2026-06-21 from local MySQL image-test database.
-- This fixed export normalizes stale foreign keys and casts JSON fields to jsonb.

SET client_encoding = 'UTF8';
SET standard_conforming_strings = on;
SET check_function_bodies = false;

DROP TABLE IF EXISTS "email_verification_codes" CASCADE;
DROP TABLE IF EXISTS "platform_settings" CASCADE;
DROP TABLE IF EXISTS "generation_jobs" CASCADE;
DROP TABLE IF EXISTS "payment_events" CASCADE;
DROP TABLE IF EXISTS "credit_ledger" CASCADE;
DROP TABLE IF EXISTS "user_plan_packages" CASCADE;
DROP TABLE IF EXISTS "orders" CASCADE;
DROP TABLE IF EXISTS "plans" CASCADE;
DROP TABLE IF EXISTS "balances" CASCADE;
DROP TABLE IF EXISTS "user_accounts" CASCADE;

CREATE TABLE "user_accounts" (
  "id" varchar(128) PRIMARY KEY,
  "username" varchar(191) UNIQUE,
  "email" varchar(191) UNIQUE,
  "password_hash" varchar(255),
  "display_name" varchar(191),
  "avatar_url" text,
  "phone" varchar(32),
  "admin_note" text,
  "role" varchar(32) NOT NULL DEFAULT 'user',
  "status" varchar(32) NOT NULL DEFAULT 'active',
  "last_login_at" timestamp,
  "created_at" timestamp NOT NULL DEFAULT CURRENT_TIMESTAMP,
  "updated_at" timestamp NOT NULL DEFAULT CURRENT_TIMESTAMP
);

CREATE TABLE "balances" (
  "user_id" varchar(128) PRIMARY KEY REFERENCES "user_accounts"("id") ON DELETE CASCADE,
  "available_credits" integer NOT NULL DEFAULT 0,
  "updated_at" timestamp NOT NULL DEFAULT CURRENT_TIMESTAMP
);

CREATE TABLE "plans" (
  "id" varchar(128) PRIMARY KEY,
  "name" varchar(191) NOT NULL,
  "credits" integer NOT NULL,
  "price_cents" integer NOT NULL,
  "currency" varchar(8) NOT NULL DEFAULT 'CNY',
  "enabled" boolean NOT NULL DEFAULT true,
  "recommended" boolean NOT NULL DEFAULT false,
  "description" text,
  "created_at" timestamp NOT NULL DEFAULT CURRENT_TIMESTAMP,
  "updated_at" timestamp NOT NULL DEFAULT CURRENT_TIMESTAMP
);

CREATE TABLE "orders" (
  "id" varchar(128) PRIMARY KEY,
  "user_id" varchar(128) NOT NULL REFERENCES "user_accounts"("id") ON DELETE CASCADE,
  "plan_id" varchar(128) NOT NULL REFERENCES "plans"("id"),
  "status" varchar(32) NOT NULL DEFAULT 'pending',
  "original_amount_cents" integer NOT NULL DEFAULT 0,
  "amount_cents" integer NOT NULL,
  "balance_applied" integer NOT NULL DEFAULT 0,
  "balance_applied_cents" integer NOT NULL DEFAULT 0,
  "currency" varchar(8) NOT NULL DEFAULT 'CNY',
  "credits" integer NOT NULL,
  "provider" varchar(32) NOT NULL,
  "provider_order_id" varchar(191),
  "provider_payment_id" varchar(191),
  "created_at" timestamp NOT NULL DEFAULT CURRENT_TIMESTAMP,
  "paid_at" timestamp
);
CREATE INDEX "orders_user_id_created_at_idx" ON "orders"("user_id", "created_at");

CREATE TABLE "user_plan_packages" (
  "id" varchar(128) PRIMARY KEY,
  "user_id" varchar(128) NOT NULL REFERENCES "user_accounts"("id") ON DELETE CASCADE,
  "plan_id" varchar(128) NOT NULL REFERENCES "plans"("id"),
  "order_id" varchar(128) NOT NULL UNIQUE,
  "total_uses" integer NOT NULL,
  "remaining_uses" integer NOT NULL,
  "status" varchar(32) NOT NULL DEFAULT 'active',
  "expires_at" timestamp,
  "created_at" timestamp NOT NULL DEFAULT CURRENT_TIMESTAMP,
  "updated_at" timestamp NOT NULL DEFAULT CURRENT_TIMESTAMP
);
CREATE INDEX "user_plan_packages_user_id_status_created_at_idx" ON "user_plan_packages"("user_id", "status", "created_at");

CREATE TABLE "credit_ledger" (
  "id" varchar(128) PRIMARY KEY,
  "user_id" varchar(128) NOT NULL REFERENCES "user_accounts"("id") ON DELETE CASCADE,
  "type" varchar(32) NOT NULL,
  "amount" integer NOT NULL,
  "balance_after" integer NOT NULL,
  "source" varchar(32) NOT NULL,
  "source_id" varchar(191) UNIQUE,
  "description" text,
  "created_at" timestamp NOT NULL DEFAULT CURRENT_TIMESTAMP
);
CREATE INDEX "credit_ledger_user_id_created_at_idx" ON "credit_ledger"("user_id", "created_at");

CREATE TABLE "payment_events" (
  "id" varchar(128) PRIMARY KEY,
  "provider" varchar(32) NOT NULL,
  "provider_event_id" varchar(128) NOT NULL,
  "order_id" varchar(128),
  "processed_at" timestamp NOT NULL DEFAULT CURRENT_TIMESTAMP,
  "raw" jsonb NOT NULL
);
CREATE UNIQUE INDEX "payment_events_provider_provider_event_id_key" ON "payment_events"("provider", "provider_event_id");

CREATE TABLE "generation_jobs" (
  "id" varchar(128) PRIMARY KEY,
  "user_id" varchar(128) NOT NULL REFERENCES "user_accounts"("id") ON DELETE CASCADE,
  "status" varchar(32) NOT NULL DEFAULT 'queued',
  "prompt" text NOT NULL,
  "request_params" jsonb NOT NULL,
  "input_image_data" jsonb NOT NULL DEFAULT '[]'::jsonb,
  "mask_data_url" text,
  "cost_credits" integer NOT NULL,
  "images" jsonb NOT NULL DEFAULT '[]'::jsonb,
  "raw_image_urls" jsonb,
  "revised_prompts" jsonb,
  "actual_params" jsonb,
  "error_message" text,
  "created_at" timestamp NOT NULL DEFAULT CURRENT_TIMESTAMP,
  "started_at" timestamp,
  "finished_at" timestamp
);
CREATE INDEX "generation_jobs_user_id_created_at_idx" ON "generation_jobs"("user_id", "created_at");
CREATE INDEX "generation_jobs_status_created_at_idx" ON "generation_jobs"("status", "created_at");

CREATE TABLE "platform_settings" (
  "setting_key" varchar(191) PRIMARY KEY,
  "setting_value" text,
  "updated_at" timestamp NOT NULL
);

CREATE TABLE "email_verification_codes" (
  "id" varchar(64) PRIMARY KEY,
  "email" varchar(191) NOT NULL,
  "purpose" varchar(32) NOT NULL,
  "code" varchar(12) NOT NULL,
  "expires_at" timestamp NOT NULL,
  "used_at" timestamp,
  "created_at" timestamp NOT NULL
);
CREATE INDEX "email_verification_lookup" ON "email_verification_codes"("email", "purpose", "code");

-- Data for user_accounts: 12 rows
INSERT INTO "user_accounts" ("id", "username", "email", "password_hash", "display_name", "avatar_url", "phone", "admin_note", "role", "status", "last_login_at", "created_at", "updated_at") VALUES ('1001', 'smoke+1781714161227', 'smoke+1781714161227@example.com', 'scrypt:hdN4hsFvEThPOoayGxflrw:JpIE-kK2ezE1jetyKthKRkCqES2EBhhqiTBTMLl7sBtq5PsUNoEq6vWkpclSlrPXVO3V4IrySpDOWJQmfFW6Nw', 'smoke+1781714161227', NULL, NULL, NULL, 'user', 'active', '2026-06-17 16:36:01', '2026-06-17 16:36:01', '2026-06-18 07:19:46');
INSERT INTO "user_accounts" ("id", "username", "email", "password_hash", "display_name", "avatar_url", "phone", "admin_note", "role", "status", "last_login_at", "created_at", "updated_at") VALUES ('1002', 'smoke+1781714192339', 'smoke+1781714192339@example.com', 'scrypt:O89P3qgMSt-tB00pd-iMpQ:opdzk0VfK0Xe9bN5Di4QXxkJLl6umMbM9Tg6q9Wl_4NK8__Y8ecsRsGI3hrqLHS8XvP1FFjySAaxqrsTFopW3g', 'smoke+1781714192339', NULL, NULL, NULL, 'user', 'active', '2026-06-17 16:36:32', '2026-06-17 16:36:32', '2026-06-18 07:19:46');
INSERT INTO "user_accounts" ("id", "username", "email", "password_hash", "display_name", "avatar_url", "phone", "admin_note", "role", "status", "last_login_at", "created_at", "updated_at") VALUES ('1003', 'codex-commercial-test', 'codex-commercial-test@example.com', 'scrypt:AEKniigbcAYjRPPdoKcLVg:ZI0UDrQcTBHu4Of29WWjSmetzQkZ1E6oyJ1XX_7aHzfbbVzm51t189-K2JhNXSi3eojwb3FzvFsT6zR6MnVXXg', 'codex-commercial-test', NULL, NULL, NULL, 'user', 'active', '2026-06-17 22:51:38', '2026-06-17 22:51:38', '2026-06-18 07:19:46');
INSERT INTO "user_accounts" ("id", "username", "email", "password_hash", "display_name", "avatar_url", "phone", "admin_note", "role", "status", "last_login_at", "created_at", "updated_at") VALUES ('1004', 'admin', 'admin@admin.com', 'scrypt:Rcec3BBSka01BR02F4zF1w:yWOMl4jNboi1D9323qrJ-PPkT4b-8ylh2tg7lJxvBRGVKRy3xLxmy2FHrSioGRbB9dn2RUUj1VRj61LqyLQeZQ', '??', 'data:image/png;base64,iVBORw0KGgoAAAANSUhEUgAAAI4AAACRCAIAAACaHxcRAAAACXBIWXMAAA7EAAAOxAGVKw4bAAAWfElEQVR4nO1d2W8d13n/vu+cmbkbL3eKFCXZimTJsmxJXuo6sdvaAey0aRogAYoEfQsKBC0KFOhD/ov2qQXSh6JA0Ye2DwHSoHDs2rGTGnHk2BZiK5IXWaIkLhJ3irzbzJxzvj7chXOXuRvnkrzB/WFADmeGM2fmN996vnMGl5aWYIB+AB10AwZoFwOq+gYDqvoGA6r6BgOq+gYDqvoGA6r6BgOq+gYDqvoGA6r6BgOq+gYDqvoGA6r6BgOq+gYDqvoGA6r6BgOq+gYDqvoGA6r6BgOq+gYDqvoGA6r6BgOq+gYDqvoGA6r6BvKgG9A9GMAH0Aga0AcwCMzgACf5d/MF7D+qCoh3CD8XuEB0j3ATcIdgDZEBnlL6j33zjNYOH3Qre4A+oEoBuAh5wLsCX7Xk65K2CBmgSAcBxBmOG/67gvdlZcRBt7Z3ONRU5RA+J/qtpGuCrgm6Q6iqDxhieEbpl5V50dfD3EyU0DfoadAMhGwR2wKw182PGIeRKgbYRrgq6E1LfCjoHpGLYKqPQYYTbL7j6Vd8PWW4sTAx0JYrFzJiISM2XfQMaFOkyiSkGY/pIwkzGTcpi50+kMZDR5UGeMMSP7LEJ5K2EXVlR1lmEEAAvOzr73v+w5rtkPNg1o/98r79ySZtFtAzYKplDoEFgUUmKfVUXJ0a9i5MmCGrhze2Z+DhGV+VB7gp6IeO9Y5FupobKP+JACPM3/XUX3oqFn4q2vYSr96xP16vZSgcnJCFr0y7lyY4bbN1GNXjoaCKAT4T9BMp3pJiiZArW8sob4KHDX/f91/SJhlumbCg46/dib2/ArpDRxDBjMW8MyPehXH10BDQ4aLr4BXgDuLbQvynJa4TGQAwgaioIlgMAPAEm7/x/We1aR420Xre/nSzY56Ktm29ELu8bN184F2ccC9OmPHY4RGvA6ZqA/EfLestQduIwEDV3ARXnjbmB8p7hLnloxMrBXrgdd8mZrGSj729aF/fyL846z02BuJQ0HVgVCmAO4h/b1uXSTAAmN3XF6vlgQAuGP6B8s80dcd3j99xYc8hMCojFrOJH8/Rhus9PWlSB+9xHAxVLsDPSfyLtG4CoqkI0+7LW2KLAQFOgvkr7Z1iE3a2GnA8spuirB//2bxcyOS/OqunkwerDA+AqjzgT0n8u7DmGSlASRAVwZph/lv2n22bJwAwozGOCSzoNo5tDfSMfXWdHrj5rx7zHxkGcWD5xQO48E9R/BCtRYNkoMGiQejSujTw1+x9mTt76HrcMaMxAAwse4WczyT/e86+ttm+9x859lWqCoCvofwHtBQ3tkzBdYf5O6heBN1pIoFTtn96WCznA4+1C7a45i/adJP/cxsQvfOjB+LH7x9VHsDrIP4ZpDZVstyQKgJ4HPhPUDeJc8PAFnkXJ6xbO2IpV9zQ+Skas4s7fuInt8E3/hNjbO23Qtqn6ymAd0D+B8sdg8RVGg8bqcG0gW+BOlab+Wv7cjMJ95kpdgQAAlCHCwKGLECUUYnX563rW/uvCfeJqgWgfzNy0RBqIA0YYEgErFRl+8uo/pBU9yIv0H1yXJ0YqrZYDZd6tPgX2lGJ1xesL7b38kC6wH5QtQXwT8qa0wQGkIHKS5EVZEAGDOyaBvNtUnsMZDgmMt/9kv9IGgibMtWSy7qFgTbd+M+WxGohqkfUDnpOVRbwX5X9gRE1eo90w3W0DH4D9XHsUvUFwQmZ+9Pj6uQQCAp97mG6LnSB4opcyMXfWqKcaqMh0aDnVP1Ki/9TAg2SQWIkU14ar8NZMK9IHZWDpSdjuVdm/S+lgQhhd2lhq5ot5cMY7atbsXdW0I0mgGuJ3lJ1y9CPfbljqIFlqvEpGISBmIEXhR6PQqRKIFTHk7mvz+ojcaBd4QhFiKA1ps2g/eG6dSsTWWub30rvTl0AeFPJz7XAgOpDrqJnVytqQANHgB8VHQdSLYCgj8S3v3fKuzDGlmghNEjlpYqsMIicjl1eow032iY3RA+pmtf0ri8gIEBYvY7BdQbB8DDqE2R6EV5yysr82WzhuQkzZAO2k8Vo08VA61bWubKJfnSaIAS9oooB/su1lhU1DJsaLnHDT0k9hL2KVzgu8n80lXtlusQWBmWovHRhwww4v31A236Pml1BT6higPd8cdmVENR1dQGvqN41BvC8HZlD0bhhceFeHNn5ixN63OnQIYTwuBjFmhd7Z43b66PpGj2hKsf4WkFyI3pqaMOAp35O6jT1PgUgUB2LZ/78uJqJBzRhyyVczhABMPbhln0739OG94SqLxTd9EW9cWrIXHGXZDgnW/TERwZEdSye/eaMmk0A7SUBXxUXxy6vo9tDixX9w/EYLhdERtX3cSCWAymsC6ochpOy55Y5CHU0nvvalB6xA9qsznQ1W2o1oVwoiHs9zF9ET9VdJa57gku6LhDeBl3zYhopoBKTBmb3lyoQ6D+czH5jmhOyPR1Yg7rcYEbbn2Z6l8aNmCoNcNOnVZ/KDAXUXaDPsJ6tY8Kk9sFQ1QDBfySZ++oky5ZJiqbmquwKWrdyYmUPFThNEXF/lcd4yyVf4+5jr+6MD+tIPOP01vcLBaL7ZFqsec6VbfTaF+vGnZZiw7cWC3rK7kXfY9RUGZhzqRjSlhBOVXDXKSsa7Vc8fUfPiW0qPDMs73nybo2laSLlja+ACsSSi08w24eeqk2NS16pPrZKgIq/wvmbjoiqu4QEcLxDg6En7cIz6eSyV+3Cdf64DcglF30OLaXfAyK2VZezltJYb4oq2aOGeYoYQDKKt5ABXrXlG1bnSURC98KQdy7VSaTVeBHLPuZ7kmuPkirN8N6ObNIZv+tWcJW7kQAWUeSTMggfEH0gqJtYlDD//IhOWx30XTUCKravZvd8K40aGOG5VhRteLXhFDZer4qrYl3Fn/VYQrpv8L6m5ZDn2Bx60vKeSgMGu7XaTMNXLc7Hmb2X99YjSlt13yUoSkzxb8Yqfc9V60EDJmQ0VN1iyvnoMSwwPQydayHCwlMp59OcWC7lXjGsXU3TfXJTi02lxyL2A6KUqgWX0CAxokE0WKyVKJZOlJQeB4xWZRcDRtHvYQA+MaQ91B7O6S5jNJMShYtDIFrlmVooRqSN6BPtkVGlGXZ8rJgiwbWlSE12+ar5a9oW7jHN+SQ8QA9u+SLbeshIIxCqo7YeKdbg7MG5WImeqsiEVDM+8IsjpEoIhlY1nm/NLld1MxoqCAa4qWjBI1sjGlggnBd4zur8pAh6UuoJS6w3158tzix2DJiI/evIqGIAVSzkq/wNUGKoZqhoxW6Vt2uDOYXjdvd0+Qy3fVIu2gbQwBbQHUlnrW5S9SYhvFMxa85Dv+MQuHJLtG1QM0eas4iMd8OQU4gBC1Qp9quYq92ukMD24sY1t/uKCgOQMTiXJ+mC5aHtI3m4UBAPFPrcuS+G4J2Lm2TzKozwfwYEQNTd1F83R4QKEPI+ClM7KrRBqqLRrrsZenK0sysyQM7ggk93fbrj0XxO2Lrsyxi44smtHJ1yzHHHnIjpCdu0/4qblFDHbLHVpEej/lxVzGCuOKY/SqmKUAGiUlCyVdWJpRofPbALK1Td2RFt3lmBcUPhfR/v+GLOo3mX1n00BsGAXRJfRAbX4Kc5usGQQJ61zYm4PpkwR+NmLGbiotULj+Afd5zr7Y9+rG075RlNxHIVne/PgAapbIwDkoTt0LaWEzkfk+GOAAOs+PjrnLxWEKse7Wj0NOpStRrKcqkaMJAOBAMGFOPdrFzckL8BTkked8ypYf3kpD8WN00CZT0jWSK268fVnggVHl4FCACi5CyU2t2GVO0y6vmwkqeTVjO/iwF9RqORFaIGUoCVLrFgABewgsSIBgSDBHAEOMwOQDupVDUm2RHhJWOteDjM2QpCtoFJU5vcVA4obtEGlzLiZDqUKgSYtsy3Rrx8Gtc8XHTFXJYWcmI5S65C2C0G3Q29BYNkHnV4Omlmh/RMSo/HzXCM7ZYKEIATpMclZevEqm7Ycv0+CKj2CBEdVQBDAtbKb2Gty96GhN3ZEl+eadEnhwAJ4hMxPhEzv5+GNY8Ws7SUFfM7Ymlb5D2suJQpi5+Y8qdTZialJ5Mm3mmMheDPWtbdutEDzZoXuDmbImcrQqmCpOBKCBzWtdhwTooi5h+IjIfptufyI4Qpx0w65okRlfXx7TnngwWbuZgLhofS6qWH3ZTTfWyjj1oAwQrnDsg2MeKoy1YiOx8C28A11oICVqR+V832fAGvrXScYEAASTBk82zCxBQ4LjoeOD4cT5mEtacYVI/VPJwOEkscp8grjCKTKkkwYpekqkrd1fQFh4gUAGiFN9fkhSN+svO0BSHMpPSE5K08ooG45JkhLfY2ToHjBBaB6spJsCjSmAoiVoDDtqnEVcV2Yt1tYmVEdL1iBFjPiNWMSIypLm5zYsgcTZjcukAD02l9ZHivdTVMwA6Raifeq+XSDCFHPd1PlM76dFLXSFURWElyt7Jb2zlaeiCOj6oubjNm8dG0WlSSNU4P6eHUnos1ENkmyAXOE5r/r22uSYrDqwABYDzBgou3UxtaNXE0gscYBVfnrcen/XS8mwc9mTYJg2x4ZlxH43/VWqv2ToqgJ6OftjNK6kfjZjzGRQeMdGCEr64e+Vs9Irim/mLtgfjortVdiepI2qSFSROMj0ZUiGKwjSGn9R35qMajL1uO8owIcPGI185QqvoRBpV1MPDRbXttu5u3Mpk0Ew5P2CY1FEWpGgOq8Fr28JFYJk169HBTBQCPH/UtYCqP7a0f8dFwV7B4XRjI5On9G04XgiUtPnZEzR5RdhQTraMBcsN99PCRWIXzdi9G2ERcqpGweDpl7m2VZSK89KVK61cfhgA3FuVDk/ZjJ7xOA6OZR73IRqQVGDp3RVlg4dGezC8dMVWWgKMjemVTmAoxjbJ/tdvrYi/l4cc37ekRPTHcmdVxxiMrl5SbbRbYVr0aeoJ4qCfl9xELqhA8M6wd4vp5D0Kci91BV2RQVAZgGVzbEB9/YXsdvtfhtZQdQ943DcdR1S0BA0akZoitnlAVda0awsyIGkuY5U0RklAP6SKpEzJt8PpNeyxtLp52e5CnbgUGa7GqgW39kwVqhrg308FFf9aJIfPQhF7flMaEKrrWpTJltt7/KDaSNA/N+PvMFrkg1jvucdfD6E9Hn/0rNSn6MxKcnvGHHNNyrorawQd162SgkMdfXI4tLUuzz0MaNwBViPYL8wkJ/ROoJ3v1TvXkBZga1TOjuqEv3m68FTgyuyN+9WFsdX1fP9sh7zP6ISMVQ4yWSaB7tlfar1dU2RZfesQV5U6QqlHAgfXdMrTydtGISzSwtirfeTexsip7PDVEGUVDxWF1ZI2lyp9GNd1DNd2r6Qdmp/zzp0psYV16omZ2pSov0ewSWXQjhQFSsLEq3v55YnV1PzQh5kHeazrsvpH2K1yiXoyAq6BXVCHi0+e90SFNdTqtONFmiZXwgdyVSTfLxZ24syXefCP5xQ3bc3vpYzDEPgeRaVqsWaP9CN0z6J2Otu6vFj2cZjiVMI+c8K9sCTbNB28H9oT3khT1TiFDV96LP9gQF54qOL35TB8VwJ5DDI3nGmzXI5x7rq7pUaOHVAnBZ097K8ticcmq7vxt0LUYNvK+Np3BUMjQZ1edfEY8+3w2loieLbmOcp2gISkNTSWBewb0eOQNqWtYT8+eTpvHH/M216xCvuq+S0+//kUMmX99dzsDAhgPb39mba+kXvhabjiqrqniRTXIe0jbIWfcvdJu4/wZLpxn7v03Q3o+q9HRo+rRs56AXSMkKoaKoWYgt6jxLzQIDUKBKK/I4k8fpA+ZVfmbXyQ2lqJ0CymLzmeEquXAgtKfJoH5p1hNRtaAJuj5lPiWxU9cKGS3ce6GXVPLXsTux0i5/DC4dAxWNlZEkAEBKwds3JLX3MSll7PpyWiytM5vSS43rWAJWlYE94x2T+1PALEvXy9wYubS04XcFq3el8GHXqFt92eJmFKZe4WqXfIqpJZUIm7dltf+N/H0tzL2nu2W3MD4VYGhg7JqR/R5J3X2Bc3OHi/bLvZpWrfhUX3xmcJIwkgFu4sPUoHlg6XQ8lEqtBRaCosbpQKhQCoQ/u7xxS2WAqlLG4UHG59bH/0opfbowWuIX5GiWe9zdZf8JGdeMiaxp2t2hP37JsjMCf/SV/IfvRV3d6hkoLlOqsJ+crUyDIogADDs3LLuXXGOPVvA7tJPBpwbIvZp8Wm0ohxBj3L2Oa1G9zUvuX9UIcHsaR98uPZWwstgRQEGtVyQvFIlISPUaMJ6NciAPiy/54wcU0PHu5mjXmxS/DcWuu3UWbKJc/b3lHda7/MXpfb1o0hC8vHznhRw/bWku43VLgM2MkWlPCE08i8g4IMgQGFerl2xk9OaOiymRgXxa9K6L6D1oHxmwtwf+O453bu0bBj2+4JIMHPOIwOfv5YobAkIDPPGhnIWYCsYjWGAzsr/7nxi+y+4nfXZG3BuWIn3nepu90ZkI5gYZF/w8hd6PvlzQxzAB/wQYeqcJyXc/ll8+45syFAtN0E/HgAYa3gq7jL3hbdKHVFlz8nkOzGonfelQaJCj5rc017hsf37CEgNDuazmCRg/KwXS+v5N+Kb123jYZXhCcZPjQSuStSC6jGD/qqAR9t76w3Y8zL1TlzstLY5atzknvPc0/7+670KDuzKiJA6qk9/O7c6q5fejKsdwjoy6imp+VmjEgHQZNp12eW6SL4bl5uydJZwA+c+5GdeLOix/fYjanDAn3C2hszMS/nYmFl+LZ5fFKW6u2qnPCwQLv8s+yMMSGCn2/ApGOSaGHo7Yd+r3H6VAqycwsSNd9rPPF8wif2tF2iEg/8wOgoYe9JNHvO33ottXXa8+6I0sLdKvBAD6d2SqFXncJFBjhtnppUtYbDvWql3E9a90BAMAQDBP6JylwruKZ9709vSKQ6eKgAABGfKTH09lzrjb79n5z52/PtiV1bKLkZDeioCRxJST7rWdDOfAj10btqpywmx2ZCn0pV02rin3Px5T00emBNRD1xaWjroNgTAYFxUm5R513nwatyUDRgE2aqhkAEAiDD2QmH4exkxahq4bwAAgAoT78cTH8Up39DmlK7hnvSyz+XUmOYuZtPqJQ4ZVQHoLcr+0nGv2mpemAcILoJCrnxFnYsfTgG0WUxp5zk3+c0chRgq1Cg2RfLXydgNu/FHUQmMY/wpVXi8UDjtHqz7EIbDS1URnEe9RWpRqDtSLQneISggaEAJGDdiysgzvnVaiSO6sTAxiIxwbsQSH8fFFtXmIxBYsk5p/5jnnnb9aWWcUKE8cBx2qqpggAvILoIGkIBxRrtZRQMVyJlznBsxe9HGmrw7sRrR/hFfTfn+tK8m1GFTd/U4HG5FmyDABGM7/VIG7Lv20C/T4oFEvzzdEQIAmJgpnMm7ZwtqRLFklnw41V09+oqqNoAa7QW7KEkMoKZ87RiOGzOk1bBW40qPKpaHXYAa4neNKib2jnj+pA9FUyQYEJgA2phX6ZDjd40qQOAYdzG35uFHn+jpAQZU9REGVPUNBlT1DQZU9Q0GVPUNBlT1DQZU9Q0GVPUNBlT1DQZU9Q0GVPUNBlT1DQZU9Q0GVPUNBlT1DQZU9Q0GVPUNBlT1DQZU9Q0GVPUNBlT1DQZU9Q0GVPUNBlT1DTCdTh90GwZoC/8P9GNPaalyNoUAAAAASUVORK5CYII=', NULL, NULL, 'admin', 'active', '2026-06-20 10:11:24', '2026-06-17 23:27:14', '2026-06-20 10:11:24');
INSERT INTO "user_accounts" ("id", "username", "email", "password_hash", "display_name", "avatar_url", "phone", "admin_note", "role", "status", "last_login_at", "created_at", "updated_at") VALUES ('1005', 'real-login-test+20260618120614', 'real-login-test+20260618120614@example.com', 'scrypt:2kAUWO4fttGa84xhq1nIeg:pOmVj_qdm92bF7cJICXWf8-3_wZd0KbuJbUC10Bt8kYKMSRmcuv40yqL_BZwJUIi0zXAzZ0-tH9FOH64wOPdrw', 'real-login-test+20260618120614', NULL, NULL, NULL, 'user', 'active', '2026-06-18 04:06:17', '2026-06-18 04:06:15', '2026-06-18 07:19:46');
INSERT INTO "user_accounts" ("id", "username", "email", "password_hash", "display_name", "avatar_url", "phone", "admin_note", "role", "status", "last_login_at", "created_at", "updated_at") VALUES ('1006', 'profile-route-test+20260618135433', 'profile-route-test+20260618135433@example.com', 'scrypt:Lf-7pGnE-xf_XWWiYNeeSg:DYOJp7Gg4bEtZlJPFX17AbhcA8LOEy7igN551qmXlMrlpjQFquMzk286Uyo1eHoGUS_5rEk6KZ1lSm7wkIoojQ', '??????', 'data:image/svg+xml;base64,PHN2ZyB4bWxucz0iaHR0cDovL3d3dy53My5vcmcvMjAwMC9zdmciPjwvc3ZnPg==', NULL, NULL, 'user', 'active', NULL, '2026-06-18 05:54:35', '2026-06-18 07:19:46');
INSERT INTO "user_accounts" ("id", "username", "email", "password_hash", "display_name", "avatar_url", "phone", "admin_note", "role", "status", "last_login_at", "created_at", "updated_at") VALUES ('1007', 'utf8-profile-1781762112515', 'utf8-profile-1781762112515@example.com', 'scrypt:In9OXiqqA2_zQ0ywlExBRA:d10hINyz3bo1PFBcYGteFmbg1WQL3Cge-2BqbLc_2X6GjzlREhvxaK84HxrpzuW3XBiq7_lpkmnhYWt1CfzLlw', '??????', NULL, NULL, NULL, 'user', 'active', NULL, '2026-06-18 05:55:13', '2026-06-18 07:19:46');
INSERT INTO "user_accounts" ("id", "username", "email", "password_hash", "display_name", "avatar_url", "phone", "admin_note", "role", "status", "last_login_at", "created_at", "updated_at") VALUES ('1008', 'utf8-escape-1781762135275', 'utf8-escape-1781762135275@example.com', 'scrypt:Mz8tBvGnj76Y1IW5c6Xwjg:QOKgRBTXe9esHyaA_mDG19Q9QIXWcFeR5N-y_qD9M0mUJ979sSlWJh9m103sxSdTOsZTXD2Ej70djWED_YJVpg', '??????', NULL, NULL, NULL, 'user', 'active', NULL, '2026-06-18 05:55:36', '2026-06-18 07:19:46');
INSERT INTO "user_accounts" ("id", "username", "email", "password_hash", "display_name", "avatar_url", "phone", "admin_note", "role", "status", "last_login_at", "created_at", "updated_at") VALUES ('1009', 'admin-smoke+20260618142023', 'admin-smoke+20260618142023@example.com', 'scrypt:2h2USyJagPCbh1JTsHZTKQ:zJO9bWjmwdTx7FNz-msyPWA8LOGlEFGrSWTPhox2xnZmmSqQfQaFVs1q2hez-pP1yzbeXI8W4jLwl8F4k-dCzA', 'admin-smoke+20260618142023', NULL, NULL, NULL, 'admin', 'active', '2026-06-18 06:20:25', '2026-06-18 06:20:24', '2026-06-18 07:19:46');
INSERT INTO "user_accounts" ("id", "username", "email", "password_hash", "display_name", "avatar_url", "phone", "admin_note", "role", "status", "last_login_at", "created_at", "updated_at") VALUES ('1010', 'codex-fix-20260619005843', NULL, 'scrypt:n89WLvQANnXlm4Eeau2TBA:cFZb0sMQqj9Mtry9Bxbb7Y4ImhGZ5Ep3chwOgzMYN8uhUTrzdkkD8WL3-Z8qc6FsQLDA98uAxcfMBPA_F50gHA', 'codex-fix-20260619005843', NULL, NULL, NULL, 'user', 'active', '2026-06-18 16:58:43', '2026-06-18 16:58:43', '2026-06-18 16:58:43');
INSERT INTO "user_accounts" ("id", "username", "email", "password_hash", "display_name", "avatar_url", "phone", "admin_note", "role", "status", "last_login_at", "created_at", "updated_at") VALUES ('1011', 'codex-smoke-20260619011029', NULL, 'scrypt:27RZCa5NLoeykKxDwTOTWw:xJ-L79C_tBxGYjDQh55FYcpOaemt6pBGd7EM7WXcLshOy1pqMPTAMNyKjylL0JvpoBG08THHSDuKUcUjKr61jw', 'codex-smoke-20260619011029', NULL, NULL, NULL, 'user', 'active', '2026-06-18 17:10:48', '2026-06-18 17:10:29', '2026-06-18 17:10:48');
INSERT INTO "user_accounts" ("id", "username", "email", "password_hash", "display_name", "avatar_url", "phone", "admin_note", "role", "status", "last_login_at", "created_at", "updated_at") VALUES ('1012', 'codex_balance_1781846309674', NULL, NULL, NULL, NULL, NULL, NULL, 'user', 'active', NULL, '2026-06-19 05:18:29', '2026-06-19 06:49:54');

-- Data for balances: 12 rows
INSERT INTO "balances" ("user_id", "available_credits", "updated_at") VALUES ('1001', '0', '2026-06-17 16:36:01');
INSERT INTO "balances" ("user_id", "available_credits", "updated_at") VALUES ('1002', '100', '2026-06-17 16:36:32');
INSERT INTO "balances" ("user_id", "available_credits", "updated_at") VALUES ('1003', '0', '2026-06-17 22:51:38');
INSERT INTO "balances" ("user_id", "available_credits", "updated_at") VALUES ('1004', '44', '2026-06-19 06:50:52');
INSERT INTO "balances" ("user_id", "available_credits", "updated_at") VALUES ('1005', '0', '2026-06-18 04:06:15');
INSERT INTO "balances" ("user_id", "available_credits", "updated_at") VALUES ('1006', '0', '2026-06-18 05:54:35');
INSERT INTO "balances" ("user_id", "available_credits", "updated_at") VALUES ('1007', '0', '2026-06-18 05:55:13');
INSERT INTO "balances" ("user_id", "available_credits", "updated_at") VALUES ('1008', '0', '2026-06-18 05:55:36');
INSERT INTO "balances" ("user_id", "available_credits", "updated_at") VALUES ('1009', '0', '2026-06-18 06:20:24');
INSERT INTO "balances" ("user_id", "available_credits", "updated_at") VALUES ('1010', '0', '2026-06-18 16:58:43');
INSERT INTO "balances" ("user_id", "available_credits", "updated_at") VALUES ('1011', '0', '2026-06-18 17:10:29');
INSERT INTO "balances" ("user_id", "available_credits", "updated_at") VALUES ('1012', '5', '2026-06-19 05:18:29');

-- Data for plans: 3 rows
INSERT INTO "plans" ("id", "name", "credits", "price_cents", "currency", "enabled", "recommended", "description", "created_at", "updated_at") VALUES ('dev-small', 'Small', '100', '500', 'CNY', 'true', 'false', '??????????????', '2026-06-17 16:31:36', '2026-06-21 02:19:46');
INSERT INTO "plans" ("id", "name", "credits", "price_cents", "currency", "enabled", "recommended", "description", "created_at", "updated_at") VALUES ('dev-medium', 'Medium', '500', '2000', 'CNY', 'true', 'true', '???????????????????', '2026-06-17 16:31:36', '2026-06-21 02:19:46');
INSERT INTO "plans" ("id", "name", "credits", "price_cents", "currency", "enabled", "recommended", "description", "created_at", "updated_at") VALUES ('dev-free', 'Free Trial', '20', '100', 'CNY', 'true', 'false', '????????????????', '2026-06-17 16:31:36', '2026-06-21 02:38:39');

-- Data for orders: 2 rows
INSERT INTO "orders" ("id", "user_id", "plan_id", "status", "original_amount_cents", "amount_cents", "balance_applied", "balance_applied_cents", "currency", "credits", "provider", "provider_order_id", "provider_payment_id", "created_at", "paid_at") VALUES ('order_20260619051829437', '1012', 'dev-small', 'paid', '500', '0', '5', '500', 'CNY', '100', 'epay', NULL, NULL, '2026-06-19 05:18:29', '2026-06-19 05:18:29');
INSERT INTO "orders" ("id", "user_id", "plan_id", "status", "original_amount_cents", "amount_cents", "balance_applied", "balance_applied_cents", "currency", "credits", "provider", "provider_order_id", "provider_payment_id", "created_at", "paid_at") VALUES ('order_20260619065052288', '1004', 'dev-small', 'paid', '500', '0', '5', '500', 'CNY', '100', 'epay', NULL, NULL, '2026-06-19 06:50:52', '2026-06-19 06:50:52');

-- Data for user_plan_packages: 2 rows
INSERT INTO "user_plan_packages" ("id", "user_id", "plan_id", "order_id", "total_uses", "remaining_uses", "status", "expires_at", "created_at", "updated_at") VALUES ('pkg_2l3ctqvh', '1012', 'dev-small', 'order_20260619051829437', '100', '100', 'active', NULL, '2026-06-19 05:18:29', '2026-06-19 05:18:29');
INSERT INTO "user_plan_packages" ("id", "user_id", "plan_id", "order_id", "total_uses", "remaining_uses", "status", "expires_at", "created_at", "updated_at") VALUES ('pkg_5j86advr', '1004', 'dev-small', 'order_20260619065052288', '100', '96', 'active', NULL, '2026-06-19 06:50:52', '2026-06-20 01:16:16');

-- Data for credit_ledger: 27 rows
INSERT INTO "credit_ledger" ("id", "user_id", "type", "amount", "balance_after", "source", "source_id", "description", "created_at") VALUES ('led_85w101qg', '1002', 'purchase', '100', '100', 'payment_notify', 'ord_8sny02vi', 'Purchase dev-small', '2026-06-17 16:36:32');
INSERT INTO "credit_ledger" ("id", "user_id", "type", "amount", "balance_after", "source", "source_id", "description", "created_at") VALUES ('led_om4nkpqw', '1004', 'grant', '1', '1', 'admin', 'admin_1vsg7hds', '????????', '2026-06-18 08:10:05');
INSERT INTO "credit_ledger" ("id", "user_id", "type", "amount", "balance_after", "source", "source_id", "description", "created_at") VALUES ('led_qw3xagke', '1004', 'debit', '-1', '0', 'image_generation', 'job_1004_mqj7zfhe_yaalgt', 'Image generation: 1 image(s)', '2026-06-18 08:10:18');
INSERT INTO "credit_ledger" ("id", "user_id", "type", "amount", "balance_after", "source", "source_id", "description", "created_at") VALUES ('led_z7s03814', '1004', 'refund', '1', '1', 'image_generation', 'refund:job_1004_mqj7zfhe_yaalgt', 'Image generation failed refund', '2026-06-18 08:10:23');
INSERT INTO "credit_ledger" ("id", "user_id", "type", "amount", "balance_after", "source", "source_id", "description", "created_at") VALUES ('led_a3tr0y3u', '1004', 'debit', '-1', '0', 'image_generation', 'job_1004_mqj7zuib_osgzxy', 'Image generation: 1 image(s)', '2026-06-18 08:10:38');
INSERT INTO "credit_ledger" ("id", "user_id", "type", "amount", "balance_after", "source", "source_id", "description", "created_at") VALUES ('led_mipzx9nw', '1004', 'refund', '1', '1', 'image_generation', 'refund:job_1004_mqj7zuib_osgzxy', 'Image generation failed refund', '2026-06-18 08:10:43');
INSERT INTO "credit_ledger" ("id", "user_id", "type", "amount", "balance_after", "source", "source_id", "description", "created_at") VALUES ('led_e3z6s69j', '1004', 'debit', '-1', '0', 'image_generation', 'job_1004_mqj81cgu_jy0qfm', 'Image generation: 1 image(s)', '2026-06-18 08:11:47');
INSERT INTO "credit_ledger" ("id", "user_id", "type", "amount", "balance_after", "source", "source_id", "description", "created_at") VALUES ('led_7474nvem', '1004', 'refund', '1', '1', 'image_generation', 'refund:job_1004_mqj81cgu_jy0qfm', 'Image generation failed refund', '2026-06-18 08:11:53');
INSERT INTO "credit_ledger" ("id", "user_id", "type", "amount", "balance_after", "source", "source_id", "description", "created_at") VALUES ('led_u92ph5r9', '1004', 'debit', '-1', '0', 'image_generation', 'job_1004_mqj850zs_d4ccuh', 'Image generation: 1 image(s)', '2026-06-18 08:14:39');
INSERT INTO "credit_ledger" ("id", "user_id", "type", "amount", "balance_after", "source", "source_id", "description", "created_at") VALUES ('led_92hhshz3', '1004', 'refund', '1', '1', 'image_generation', 'refund:job_1004_mqj850zs_d4ccuh', 'Image generation failed refund', '2026-06-18 08:14:44');
INSERT INTO "credit_ledger" ("id", "user_id", "type", "amount", "balance_after", "source", "source_id", "description", "created_at") VALUES ('led_f230rkxt', '1004', 'debit', '-1', '0', 'image_generation', 'job_1004_mqjabxbj_yjd8lu', 'Image generation: 1 image(s)', '2026-06-18 09:16:00');
INSERT INTO "credit_ledger" ("id", "user_id", "type", "amount", "balance_after", "source", "source_id", "description", "created_at") VALUES ('led_956bc88x', '1004', 'refund', '1', '1', 'image_generation', 'refund:job_1004_mqjabxbj_yjd8lu', 'Image generation failed refund', '2026-06-18 09:18:07');
INSERT INTO "credit_ledger" ("id", "user_id", "type", "amount", "balance_after", "source", "source_id", "description", "created_at") VALUES ('led_9mu0az6c', '1004', 'debit', '-1', '0', 'image_generation', 'job_1004_mqjaexmw_mrsy8n', 'Image generation: 1 image(s)', '2026-06-18 09:18:21');
INSERT INTO "credit_ledger" ("id", "user_id", "type", "amount", "balance_after", "source", "source_id", "description", "created_at") VALUES ('led_7i95lmuh', '1004', 'refund', '1', '1', 'image_generation', 'refund:job_1004_mqjaexmw_mrsy8n', 'Image generation failed refund', '2026-06-18 09:20:27');
INSERT INTO "credit_ledger" ("id", "user_id", "type", "amount", "balance_after", "source", "source_id", "description", "created_at") VALUES ('led_vzs5eees', '1004', 'debit', '-1', '0', 'image_generation', 'job_1004_mqjbg7wt_obnoj7', 'Image generation: 1 image(s)', '2026-06-18 09:47:20');
INSERT INTO "credit_ledger" ("id", "user_id", "type", "amount", "balance_after", "source", "source_id", "description", "created_at") VALUES ('led_arhrm2xm', '1004', 'refund', '1', '1', 'image_generation', 'refund:job_1004_mqjbg7wt_obnoj7', 'Image generation failed refund', '2026-06-18 09:49:27');
INSERT INTO "credit_ledger" ("id", "user_id", "type", "amount", "balance_after", "source", "source_id", "description", "created_at") VALUES ('led_v9ekptx2', '1004', 'debit', '-1', '0', 'image_generation', 'job_1004_mqjbqm8y_ps44j4', 'Image generation: 1 image(s)', '2026-06-18 09:55:25');
INSERT INTO "credit_ledger" ("id", "user_id", "type", "amount", "balance_after", "source", "source_id", "description", "created_at") VALUES ('led_mukpqnzv', '1004', 'refund', '1', '1', 'image_generation', 'refund:job_1004_mqjbqm8y_ps44j4', 'Image generation failed refund', '2026-06-18 09:57:32');
INSERT INTO "credit_ledger" ("id", "user_id", "type", "amount", "balance_after", "source", "source_id", "description", "created_at") VALUES ('led_mgvtgx2i', '1004', 'grant', '49', '50', 'admin', 'admin_qhldg159', '????????', '2026-06-18 10:02:04');
INSERT INTO "credit_ledger" ("id", "user_id", "type", "amount", "balance_after", "source", "source_id", "description", "created_at") VALUES ('led_5el9viy1', '1004', 'debit', '-1', '49', 'image_generation', 'job_1004_mqjc0lka_6umfp8', 'Image generation: 1 image(s)', '2026-06-18 10:03:11');
INSERT INTO "credit_ledger" ("id", "user_id", "type", "amount", "balance_after", "source", "source_id", "description", "created_at") VALUES ('led_wxxlb4yh', '1004', 'refund', '1', '50', 'image_generation', 'refund:job_1004_mqjc0lka_6umfp8', 'Image generation failed refund', '2026-06-18 10:05:17');
INSERT INTO "credit_ledger" ("id", "user_id", "type", "amount", "balance_after", "source", "source_id", "description", "created_at") VALUES ('led_agpte3z0', '1004', 'debit', '-1', '49', 'image_generation', 'job_1004_mqk87fu2_opcq4i', 'Image generation: 1 image(s)', '2026-06-19 01:04:18');
INSERT INTO "credit_ledger" ("id", "user_id", "type", "amount", "balance_after", "source", "source_id", "description", "created_at") VALUES ('led_mnv1mfg7', '1004', 'refund', '1', '50', 'image_generation', 'refund:job_1004_mqk87fu2_opcq4i', 'Image generation failed refund', '2026-06-19 01:06:24');
INSERT INTO "credit_ledger" ("id", "user_id", "type", "amount", "balance_after", "source", "source_id", "description", "created_at") VALUES ('led_w1nc7w5i', '1004', 'debit', '-1', '49', 'image_generation', 'job_1004_mqkbbcgj_opu9jw', 'Image generation: 1 image(s)', '2026-06-19 02:31:19');
INSERT INTO "credit_ledger" ("id", "user_id", "type", "amount", "balance_after", "source", "source_id", "description", "created_at") VALUES ('led_dyswfqh2', '1012', 'grant', '10', '10', 'admin', 'admin_rj7g7wpj', 'codex balance checkout smoke test', '2026-06-19 05:18:29');
INSERT INTO "credit_ledger" ("id", "user_id", "type", "amount", "balance_after", "source", "source_id", "description", "created_at") VALUES ('led_v500k4pw', '1012', 'debit', '-5', '5', 'order', 'order-balance:order_20260619051829437', '???????? order_20260619051829437', '2026-06-19 05:18:29');
INSERT INTO "credit_ledger" ("id", "user_id", "type", "amount", "balance_after", "source", "source_id", "description", "created_at") VALUES ('led_739ztbp2', '1004', 'debit', '-5', '44', 'order', 'order-balance:order_20260619065052288', '???????? order_20260619065052288', '2026-06-19 06:50:52');

-- Data for payment_events: 1 rows
INSERT INTO "payment_events" ("id", "provider", "provider_event_id", "order_id", "processed_at", "raw") VALUES ('evt_33imd3e4', 'dev', 'evt-smoke-ord_8sny02vi', 'ord_8sny02vi', '2026-06-17 16:36:32', '{"orderId": "ord_8sny02vi", "provider": "dev", "paidAmountCents": 500, "providerEventId": "evt-smoke-ord_8sny02vi"}'::jsonb);

-- Data for generation_jobs: 0 rows

-- Data for platform_settings: 17 rows
INSERT INTO "platform_settings" ("setting_key", "setting_value", "updated_at") VALUES ('siteName', 'Image Idea', '2026-06-20 00:18:38');
INSERT INTO "platform_settings" ("setting_key", "setting_value", "updated_at") VALUES ('publicBaseUrl', '', '2026-06-20 00:18:38');
INSERT INTO "platform_settings" ("setting_key", "setting_value", "updated_at") VALUES ('supportEmail', '', '2026-06-20 00:18:38');
INSERT INTO "platform_settings" ("setting_key", "setting_value", "updated_at") VALUES ('openaiBaseUrl', 'https://walkai.top/v1', '2026-06-20 00:18:38');
INSERT INTO "platform_settings" ("setting_key", "setting_value", "updated_at") VALUES ('openaiImageModel', 'gpt-image-2', '2026-06-20 00:18:38');
INSERT INTO "platform_settings" ("setting_key", "setting_value", "updated_at") VALUES ('epayGatewayUrl', 'https://zpayz.cn', '2026-06-20 00:18:38');
INSERT INTO "platform_settings" ("setting_key", "setting_value", "updated_at") VALUES ('epayPid', '2026060115160017', '2026-06-20 00:18:38');
INSERT INTO "platform_settings" ("setting_key", "setting_value", "updated_at") VALUES ('epayReturnUrl', '', '2026-06-20 00:18:38');
INSERT INTO "platform_settings" ("setting_key", "setting_value", "updated_at") VALUES ('epayNotifyUrl', '', '2026-06-20 00:18:38');
INSERT INTO "platform_settings" ("setting_key", "setting_value", "updated_at") VALUES ('openaiApiKey', 'sk-ce8a0d811fcc9065d78d2a89c906e0a1adc898f1bd3c47c67a83c5d5c49c8270', '2026-06-19 07:37:12');
INSERT INTO "platform_settings" ("setting_key", "setting_value", "updated_at") VALUES ('upstreamTimeoutMs', '180000', '2026-06-20 00:18:38');
INSERT INTO "platform_settings" ("setting_key", "setting_value", "updated_at") VALUES ('allowUserApiConfig', 'false', '2026-06-20 00:18:38');
INSERT INTO "platform_settings" ("setting_key", "setting_value", "updated_at") VALUES ('epayEnabled', 'true', '2026-06-20 00:18:38');
INSERT INTO "platform_settings" ("setting_key", "setting_value", "updated_at") VALUES ('creditsPerImage', '1', '2026-06-20 00:18:38');
INSERT INTO "platform_settings" ("setting_key", "setting_value", "updated_at") VALUES ('epayKey', 'TFn5tPUIZQseE5F9LPYY9uVeqaGlFoQc', '2026-06-18 07:59:06');
INSERT INTO "platform_settings" ("setting_key", "setting_value", "updated_at") VALUES ('epayPaymentTypes', 'alipay', '2026-06-20 00:18:38');
INSERT INTO "platform_settings" ("setting_key", "setting_value", "updated_at") VALUES ('balanceUnitCents', '100', '2026-06-20 00:18:38');

